"congressperson_name","value"
"ABEL MESQUITA JR.",485665.8899999999
"ABELARDO CAMARINHA",33359.64
"ABELARDO LUPION",32848.850000000006
"ACELINO POPÓ",34240.14000000001
"ADAIL CARNEIRO",389370.95999999985
"ADALBERTO CAVALCANTI",447232.4800000002
"ADELMO CARNEIRO LEÃO",386694.9699999999
"ADELSON BARRETO",273716.2699999999
"ADEMIR CAMILO",410364.7400000001
"ADILTON SACHETTI",277747.62
"ADRIAN",6128.61
"AELTON FREITAS",433155.3799999999
"AFONSO FLORENCE",454824.4999999999
"AFONSO HAMM",417132.91000000003
"AFONSO MOTTA",450395.30000000016
"AGUINALDO RIBEIRO",468910.63999999996
"AKIRA OTSUBO",36775.27
"ALAN RICK",465804.01
"ALBERTO FILHO",404339.8699999997
"ALBERTO FRAGA",339944.97000000003
"ALCEU MOREIRA",468892.4799999998
"ALESSANDRO MOLON",402519.27
"ALEX CANZIANI",417170.12999999995
"ALEX MANENTE",405018.71999999875
"ALEXANDRE BALDY",375115.19999999984
"ALEXANDRE LEITE",248117.60000000003
"ALEXANDRE ROSO",19053.46
"ALEXANDRE SANTOS",12907.29
"ALEXANDRE SERFIOTIS",273963.32000000007
"ALEXANDRE SILVEIRA",24675.280000000002
"ALEXANDRE TOLEDO",36699.09
"ALEXANDRE VALLE",389949.43999999994
"ALFREDO KAEFER",455514.25999999966
"ALFREDO NASCIMENTO",360736.14999999997
"ALFREDO SIRKIS",29292.13
"ALICE PORTUGAL",442308.33999999997
"ALIEL MACHADO",252088.47
"ALINE CORRÊA",32707.32
"ALMEIDA LIMA",36655.20999999999
"ALTINEU CÔRTES",349409.14999999997
"ALUISIO MENDES",408663.63999999984
"AMAURI TEIXEIRA",31862.719999999998
"AMIR LANDO",26599.15
"ANA PERUGINI",387702.98
"ANDERSON FERREIRA",497038.55999999994
"ANDRE MOURA",474907.2300000001
"ANDREIA ZITO",8014.849999999999
"ANDRES SANCHEZ",267438.46
"ANDRÉ ABDON",466135.28
"ANDRÉ DE PAULA",11521.96
"ANDRÉ FIGUEIREDO",358309.1599999999
"ANDRÉ FUFUCA",459530.36
"ANDRÉ ZACHAROW",32895.45
"ANGELA ALBINO",80837.95000000001
"ANGELIM",366936.0300000001
"ANGELO VANHONI",27801.38
"ANSELMO DE JESUS",23910.97
"ANTHONY GAROTINHO",12037.529999999999
"ANTONIO BALHMANN",278437.9199999999
"ANTONIO BRITO",340830.53
"ANTONIO BULHÕES",439248.01
"ANTONIO CARLOS MENDES THAME",291864.67999999993
"ANTONIO IMBASSAHY",402846.39999999973
"ANTÔNIA LÚCIA",42064.44999999999
"ANTÔNIO ANDRADE",-167.37
"ANTÔNIO JÁCOME",457844.36999999976
"ANÍBAL GOMES",492890.07999999984
"ARIOSTO HOLANDA",141634.12000000002
"ARLINDO CHINAGLIA",417888.76
"ARMANDO VERGÍLIO",31634.98
"ARNALDO FARIA DE SÁ",394355.6000000001
"ARNALDO JARDIM",3194.1
"ARNALDO JORDY",508400.8400000001
"ARNON BEZERRA",494211.95
"AROLDE DE OLIVEIRA",29997.79
"ARTHUR LIRA",354921.98999999993
"ARTHUR OLIVEIRA MAIA",443652.2999999998
"ARTHUR VIRGÍLIO BISNETO",428969.57999999984
"ARTUR BRUNO",233.92000000000002
"ASSIS CARVALHO",475594.0399999998
"ASSIS DO COUTO",447612.0199999999
"ASSIS MELO",37538.020000000004
"AUGUSTO CARVALHO",329706.56999999995
"AUGUSTO COUTINHO",481390.0999999997
"AUREO",427633.5399999997
"BACELAR",430427.2099999999
"BALEIA ROSSI",342587.7300000001
"BEBETO",442773.0399999998
"BENEDITA DA SILVA",409914.3199999994
"BENITO GAMA",416089.92999999993
"BENJAMIN MARANHÃO",404124.35
"BERINHO BANTIM",40766.53999999999
"BERNARDO SANTANA DE VASCONCELLOS",11897.49
"BETINHO GOMES",445424.33999999985
"BETINHO ROSADO",39996.740000000005
"BETO ALBUQUERQUE",17840.79
"BETO FARO",478175.2799999996
"BETO MANSUR",316913.02999999985
"BETO ROSADO",470820.8499999996
"BETO SALAME",453961.5199999996
"BIFFI",26630.02
"BILAC PINTO",418710.76
"BOHN GASS",469029.74999999965
"BONIFÁCIO DE ANDRADA",414724.12000000005
"BRUNA FURLAN",434391.03999999946
"BRUNNY",388355.1
"BRUNO ARAÚJO",463997.54999999946
"BRUNO COVAS",285767.4
"BRUNO RODRIGUES",15291.19
"CABO DACIOLO",381367.1099999997
"CABO SABINO",450676.41999999987
"CABUÇU BORGES",462263.5599999997
"CACÁ LEÃO",432598.8899999997
"CAETANO",411655.4999999998
"CAIO NARCIO",383026.9199999998
"CAMILO COLA",0.62
"CAPITÃO AUGUSTO",401386.42999999993
"CAPITÃO FÁBIO ABREU",16897.800000000003
"CARLOS ALBERTO LERÉIA",31766.26
"CARLOS ANDRADE",480778.7200000001
"CARLOS BEZERRA",452604.13999999996
"CARLOS EDUARDO CADOCA",439133.7399999997
"CARLOS GOMES",320355.17999999993
"CARLOS HENRIQUE GAGUIM",429831.9299999998
"CARLOS MAGNO",40063.030000000006
"CARLOS MANATO",430803.20000000007
"CARLOS MARTINS",38103.37
"CARLOS MARUN",443983.74
"CARLOS MELLES",431018.49999999994
"CARLOS SAMPAIO",409452.02999999933
"CARLOS ZARATTINI",436201.44000000006
"CARMEN ZANOTTO",313053.62
"CELSO JACOB",350782.1899999997
"CELSO MALDANER",451856.52999999997
"CELSO PANSERA",184489.65999999997
"CELSO RUSSOMANNO",180189.67000000007
"CESAR SOUZA",214952.09999999998
"CEZAR SILVESTRI",67.54
"CHICO ALENCAR",312757.2699999999
"CHICO D'ANGELO",375744.0199999999
"CHICO DAS VERDURAS",43349.82
"CHICO LOPES",501288.15999999945
"CHRISTIANE DE SOUZA YARED",332655.96
"CLARISSA GAROTINHO",387309.5599999996
"CLAUDIO CAJADO",397990.6100000002
"CLEBER VERDE",491819.52999999997
"CLÁUDIO PUTY",34571.64000000001
"CONCEIÇÃO SAMPAIO",193951.58000000002
"COVATTI FILHO",453454.0399999996
"CRISTIANE BRASIL",385856.23999999976
"CÂNDIDO VACCAREZZA",30462.82
"CÉLIO SILVEIRA",375161.82000000007
"CÉSAR HALUM",474519.1100000001
"CÉSAR MESSIAS",410851.74999999977
"CÍCERO ALMEIDA",275120.35000000003
"DAGOBERTO",435976.1600000001
"DALVA FIGUEIREDO",39651.18
"DAMIÃO FELICIANO",363954.14999999997
"DANIEL ALMEIDA",443323.75999999995
"DANIEL COELHO",421389.5199999998
"DANIEL VILELA",383984.1799999999
"DANILO CABRAL",2218.8199999999997
"DANILO FORTE",499874.7399999998
"DANRLEI DE DEUS HINTERHOLZ",396717.37
"DARCÍSIO PERONDI",326032.20999999985
"DAVI ALCOLUMBRE",35997.75
"DAVI ALVES SILVA JÚNIOR",38051.18
"DAVIDSON MAGALHÃES",410588.01999999984
"DELEGADO EDSON MOREIRA",386380.6899999999
"DELEGADO PROTÓGENES",23334.5
"DELEGADO WALDIR",17895.449999999997
"DELEGADO ÉDER MAURO",452147.3899999996
"DELEY",379363.22999999986
"DENILSON TEIXEIRA",31330.350000000002
"DEOCLIDES MACEDO",52051.399999999994
"DEVANIR RIBEIRO",29678.440000000002
"DIEGO ANDRADE",394608.77999999997
"DIEGO GARCIA",393212.2
"DILCEU SPERAFICO",373568.0
"DIMAS FABIANO",365991.1900000005
"DOMINGOS DUTRA",35779.02
"DOMINGOS NETO",499886.5599999998
"DOMINGOS SÁVIO",417832.62999999995
"DR. ADILSON SOARES",32717.499999999996
"DR. CARLOS ALBERTO",27526.170000000002
"DR. GRILO",23838.62
"DR. JORGE SILVA",365991.9200000001
"DR. JOÃO",380686.5399999997
"DR. LUIZ FERNANDO",37317.67
"DR. PAULO CÉSAR",32684.679999999997
"DR. ROSINHA",9024.400000000001
"DR. SINVAL MALHEIROS",433947.94000000006
"DR. UBIALI",16049.35
"DRA. ELAINE ABISSAMRA",18497.6
"DUARTE NOGUEIRA",1162.1699999999994
"DUDIMAR PAXIUBA",15010.470000000001
"DULCE MIRANDA",405635.6300000001
"DÂMINA PEREIRA",379540.3299999999
"DÉCIO LIMA",457653.12999999995
"EDINHO ARAÚJO",104176.51
"EDINHO BEZ",438511.27
"EDIO LOPES",537204.8799999999
"EDMAR ARRUDA",460959.5599999998
"EDMILSON RODRIGUES",445731.25999999966
"EDSON EZEQUIEL",1473.3700000000001
"EDSON PIMENTA",37222.5
"EDSON SANTOS",31415.829999999998
"EDSON SILVA",34302.479999999996
"EDUARDO BARBOSA",427484.6299999998
"EDUARDO BOLSONARO",332825.57999999996
"EDUARDO CUNHA",380003.96000000014
"EDUARDO CURY",302282.10999999987
"EDUARDO DA FONTE",210095.22
"EDUARDO GOMES",32135.61
"EDUARDO SCIARRA",8083.21
"EFRAIM FILHO",495869.77000000014
"ELCIONE BARBALHO",487973.81000000006
"ELEUSES PAIVA",34391.96
"ELI CORRÊA FILHO",432458.3299999994
"ELIENE LIMA",32016.640000000003
"ELISEU PADILHA",-1487.52
"ELIZEU DIONIZIO",429755.23
"ELIZIANE GAMA",369591.8099999997
"ELMAR NASCIMENTO",415403.98999999964
"EMANUEL FERNANDES",8817.220000000001
"EMILIANO JOSÉ",29637.120000000003
"ENIO BACCI",36728.2
"ENIO VERRI",414012.30999999965
"ERIKA KOKAY",183429.97999999998
"ERIVELTON SANTANA",376765.67
"EROS BIONDINI",406142.2100000001
"ESPERIDIÃO AMIN",343854.5299999996
"EUDES XAVIER",35420.870000000024
"EURICO JÚNIOR",34491.44
"EVAIR VIEIRA DE MELO",394907.18000000017
"EVANDRO GUSSI",394600.65000000014
"EVANDRO MILHOMEN",40249.88999999999
"EVANDRO ROMAN",413771.48999999993
"EXPEDITO NETTO",469048.18999999977
"EZEQUIEL FONSECA",426899.02999999985
"EZEQUIEL TEIXEIRA",362625.8699999998
"FABIANO HORTA",107848.05000000002
"FABIO GARCIA",253416.13999999993
"FABIO REIS",459987.89000000036
"FABRICIO OLIVEIRA",125232.53000000003
"FAUSTO PINATO",320943.7800000001
"FELIPE BORNIER",357028.9199999999
"FELIPE MAIA",431521.7699999999
"FERNANDO COELHO FILHO",459800.94999999995
"FERNANDO FERRO",31461.14
"FERNANDO FRANCISCHINI",271559.58999999997
"FERNANDO JORDÃO",378535.9099999997
"FERNANDO MARRONI",282435.58999999997
"FERNANDO MONTEIRO",425542.5099999999
"FERNANDO TORRES",432528.86999999994
"FERNANDO ZACHIA",27805.78
"FILIPE PEREIRA",179.18
"FLAVIANO MELO",352176.57999999996
"FLAVINHO",236608.62000000005
"FLAVIO NOGUEIRA",123147.25
"FLORIANO PESARO",8267.99
"FLÁVIA MORAIS",413485.5900000001
"FRANCISCO CHAGAS",14403.47
"FRANCISCO CHAPADINHA",453019.06
"FRANCISCO FLORIANO",427327.65
"FRANCISCO PRACIANO",38751.61
"FRANCISCO TENÓRIO",28478.71
"FRANKLIN LIMA",327137.8199999997
"FÁBIO FARIA",480965.6599999998
"FÁBIO MITIDIERI",430626.5200000001
"FÁBIO RAMALHO",376344.6899999998
"FÁBIO SOUSA",188312.94
"FÁBIO SOUTO",27250.29
"FÁBIO TRAD",19288.63
"FÁTIMA BEZERRA",15830.58
"FÁTIMA PELAES",39724.48
"FÉLIX MENDONÇA JÚNIOR",457176.15000000014
"GABRIEL CHALITA",245.24999999999997
"GABRIEL GUIMARÃES",415605.0099999999
"GASTÃO VIEIRA",26277.760000000002
"GENECIAS NORONHA",479497.56999999983
"GEORGE HILTON",189.82999999999998
"GEOVANIA DE SÁ",413222.76
"GERALDO RESENDE",435893.9999999999
"GERALDO SIMÕES",34374.83
"GERALDO THADEU",33159.479999999996
"GIACOBO",446924.5099999999
"GILBERTO COUTINHO",22944.84
"GILBERTO NASCIMENTO",197864.4100000001
"GIOVANI CHERINI",470764.69000000006
"GIOVANI FELTES",4206.66
"GIOVANNI QUEIROZ",14383.34
"GIROTO",12916.660000000002
"GIUSEPPE VECCI",295826.27
"GIVALDO CARIMBÃO",471278.9899999998
"GIVALDO VIEIRA",386735.44000000006
"GLADSON CAMELI",35381.68000000001
"GLAUBER BRAGA",383442.7399999995
"GONZAGA PATRIOTA",483035.76999999984
"GORETE PEREIRA",475857.6999999998
"GOULART",397035.0699999999
"GUILHERME CAMPOS",18644.840000000004
"GUILHERME MUSSI",431598.25999999966
"GUSTAVO PETTA",33417.45
"HEITOR SCHUCH",445916.54999999964
"HELCIO SILVA",34202.57
"HELDER SALOMÃO",346609.63999999996
"HENRIQUE AFONSO",40525.64
"HENRIQUE EDUARDO ALVES",22762.989999999998
"HENRIQUE FONTANA",433935.82999999996
"HENRIQUE OLIVEIRA",40.43
"HERCULANO PASSOS",408546.8299999996
"HERMES PARCIANELLO",257502.58999999997
"HERÁCLITO FORTES",327913.2599999999
"HEULER CRUVINEL",420056.27
"HILDO ROCHA",453939.75000000006
"HIRAN GONÇALVES",499948.3400000002
"HISSA ABRAHÃO",477482.5799999997
"HUGO LEAL",427791.57000000007
"HUGO MOTTA",462956.05000000005
"HUGO NAPOLEÃO",22140.629999999997
"HUMBERTO MICHILES",257.29
"HÉLIO LEITE",450828.9699999995
"HÉLIO SANTOS",32658.2
"IARA BERNARDI",32449.52
"INDIO DA COSTA",391149.55999999965
"INOCÊNCIO OLIVEIRA",6234.3099999999995
"IRACEMA PORTELLA",403922.6
"IRAJÁ ABREU",465186.3099999998
"IRINY LOPES",31880.49
"IRMÃO LAZARO",416976.8399999999
"IVAN VALENTE",404006.56999999937
"IZALCI",357786.6
"JAIME MARTINS",413533.52000000014
"JAIR BOLSONARO",343304.2999999998
"JAIRO ATAÍDE",22797.88
"JANDIRA FEGHALI",392319.0399999999
"JANETE CAPIBERIBE",391430.4700000001
"JANETE ROCHA PIETÁ",32472.94
"JAQUELINE RORIZ",27820.2
"JARBAS VASCONCELOS",417763.74999999977
"JEAN WYLLYS",281726.5099999999
"JEFFERSON CAMPOS",441280.1999999997
"JERÔNIMO GOERGEN",406470.2900000001
"JESUS RODRIGUES",32266.67
"JHC",386964.3399999999
"JHONATAN DE JESUS",542411.99
"JOAQUIM PASSARINHO",466887.4199999999
"JONY MARCOS",428047.4100000001
"JORGE BITTAR",20441.989999999998
"JORGE BOEIRA",119309.89000000001
"JORGE CÔRTE REAL",489050.8599999999
"JORGE SOLLA",415169.5100000004
"JORGE TADEU MUDALEN",329837.1999999997
"JORGINHO MELLO",465357.8999999999
"JOSE STÉDILE",433926.55999999994
"JOSEPH BANDEIRA",12735.490000000002
"JOSI NUNES",423481.87
"JOSIAS GOMES",104.05000000000018
"JOSUÉ BENGTSON",498099.85999999964
"JOSÉ AIRTON CIRILO",492027.60999999987
"JOSÉ ANÍBAL",31378.58
"JOSÉ AUGUSTO MAIA",37941.399999999994
"JOSÉ CARLOS ALELUIA",428014.3999999998
"JOSÉ CARLOS ARAÚJO",417965.8300000002
"JOSÉ CHAVES",19509.920000000002
"JOSÉ FOGAÇA",178972.92000000004
"JOSÉ GUIMARÃES",480670.99999999977
"JOSÉ HUMBERTO",16047.210000000001
"JOSÉ LINHARES",25122.35
"JOSÉ MENTOR",422590.1399999996
"JOSÉ NUNES",444281.25
"JOSÉ OTÁVIO GERMANO",476224.8199999998
"JOSÉ PRIANTE",406702.0899999997
"JOSÉ REINALDO",449431.81999999966
"JOSÉ ROCHA",397895.6799999999
"JOVAIR ARANTES",416756.54000000004
"JOZI ARAÚJO",438083.01
"JOÃO ANANIAS",38255.91
"JOÃO ARRUDA",433929.7699999997
"JOÃO BITTAR",28163.52
"JOÃO CALDAS",-1791.57
"JOÃO CAMPOS",411486.18999999994
"JOÃO CARLOS BACELAR",465141.31999999983
"JOÃO CASTELO",445890.4299999998
"JOÃO DADO",296.38
"JOÃO DANIEL",432148.39000000025
"JOÃO DERLY",412540.2899999998
"JOÃO FERNANDO COUTINHO",460419.1999999998
"JOÃO GUALBERTO",200464.12
"JOÃO LYRA",6613.94
"JOÃO MAGALHÃES",28106.08
"JOÃO MAIA",27349.469999999994
"JOÃO MARCELO SOUZA",424226.9899999999
"JOÃO PAULO KLEINÜBING",2248.04
"JOÃO PAULO LIMA",27629.13
"JOÃO PAULO PAPA",271494.04000000004
"JOÃO PIZZOLATTI",11514.23
"JOÃO RODRIGUES",460247.32
"JULIO LOPES",407618.8299999997
"JULIÃO AMIN",20998.51
"JUNIOR MARRECA",466486.9899999998
"JUNJI ABE",25081.43
"JUSCELINO FILHO",463083.42999999993
"JUTAHY JUNIOR",308547.4200000001
"JÂNIO NATAL",30649.19
"JÉSSICA SALES",477776.5899999999
"JÔ MORAES",413958.25999999983
"JÚLIA MARINHO",429547.35999999975
"JÚLIO CAMPOS",31955.019999999997
"JÚLIO CESAR",485672.83999999973
"JÚLIO DELGADO",402328.9400000008
"JÚNIOR COIMBRA",32044.83
"KAIO MANIÇOBA",441779.99999999994
"KEIKO OTA",408816.5999999999
"LAEL VARELLA",32856.38
"LAERCIO OLIVEIRA",456642.78
"LAERTE BESSA",339902.14
"LAUDIVIO CARVALHO",397357.41999999987
"LAURA CARNEIRO",67124.68
"LAURIETE",8653.9
"LEANDRE",318572.5600000002
"LEANDRO VILELA",20138.64
"LELO COIMBRA",447592.09999999986
"LEO DE BRITO",454374.54000000004
"LEONARDO MONTEIRO",418920.66000000003
"LEONARDO PICCIANI",399176.60000000015
"LEONARDO QUINTÃO",412305.42000000004
"LEOPOLDO MEYER",253742.00999999998
"LEÔNIDAS CRISTINO",445701.02999999974
"LIDERANÇA DO PSDB",82613.04999999999
"LIDERANÇA DO PT",258601.1
"LILIAM SÁ",32550.31
"LINCOLN PORTELA",424249.05999999994
"LINDOMAR GARÇON",466011.12
"LIRA MAIA",40015.880000000005
"LOBBE NETO",221021.5799999998
"LOURIVAL MENDES",15591.87
"LUCAS VERGILIO",378957.18999999994
"LUCI CHOINACKI",35369.58
"LUCIANA SANTOS",496348.48
"LUCIANO CASTRO",29765.84
"LUCIANO DUCCI",426756.56999999995
"LUCIANO PIZZATTO",18241.36
"LUCIO MOSQUINI",365124.09
"LUCIO VIEIRA LIMA",440892.12
"LUIS CARLOS HEINZE",369536.24
"LUIS TIBÉ",430380.40999999986
"LUIZ ALBERTO",34692.899999999994
"LUIZ ARGÔLO",33679.51
"LUIZ CARLOS",39077.76000000001
"LUIZ CARLOS BUSATO",465244.1999999995
"LUIZ CARLOS HAULY",443246.4299999996
"LUIZ CARLOS RAMOS",374319.8799999998
"LUIZ CLÁUDIO",456675.1599999998
"LUIZ COUTO",270145.6
"LUIZ DE DEUS",29872.67
"LUIZ FERNANDO FARIA",412188.41999999987
"LUIZ FERNANDO MACHADO",27014.85
"LUIZ LAURO FILHO",406833.0399999998
"LUIZ NISHIMORI",450768.82999999984
"LUIZ OTAVIO",15476.38
"LUIZ PITIMAN",3743.8199999999997
"LUIZ SÉRGIO",365069.04999999993
"LUIZA ERUNDINA",298537.75999999983
"LUIZIANNE LINS",443809.28999999963
"LÁZARO BOTELHO",464204.06999999995
"LÉO OLIVEIRA",991.3
"LÚCIO VALE",343180.5899999995
"MACEDO",471651.68
"MAGDA MOFATTO",384659.60000000015
"MAGELA",7521.900000000001
"MAIA FILHO",299903.9499999999
"MAJOR FÁBIO",4606.88
"MAJOR OLIMPIO",393799.08999999997
"MANDETTA",401091.0199999998
"MANOEL ANTUNES",4107.46
"MANOEL JUNIOR",501329.7
"MANOEL SALVIANO",27831.58
"MANUEL ROSA NECA",6554.3099999999995
"MANUELA D'ÁVILA",10874.62
"MARA GABRILLI",363536.89
"MARCELINHO CARIOCA",32431.82
"MARCELO AGUIAR",404977.37
"MARCELO ALMEIDA",26.16
"MARCELO ARO",237553.58000000002
"MARCELO BELINATI",425503.0800000001
"MARCELO CASTRO",296988.6500000001
"MARCELO MATOS",382690.02999999974
"MARCELO SQUASSONI",388529.2499999997
"MARCELO ÁLVARO ANTÔNIO",387120.0699999999
"MARCIO ALVINO",390925.1
"MARCIO BITTAR",39643.969999999994
"MARCIO JUNQUEIRA",41674.97
"MARCIO MONTEIRO",14.18
"MARCO ANTÔNIO CABRAL",1724.21
"MARCO MAIA",469410.78000000026
"MARCO TEBALDI",465535.43999999994
"MARCON",466839.36000000016
"MARCONDES GADELHA",19783.58
"MARCOS ABRÃO",375620.3300000001
"MARCOS LIMA",6582.9400000000005
"MARCOS MEDRADO",32416.940000000002
"MARCOS MONTES",415895.8300000002
"MARCOS REATEGUI",471044.16000000003
"MARCOS ROGÉRIO",510808.79000000015
"MARCOS ROTTA",435435.95999999973
"MARCOS SOARES",342331.11999999965
"MARCUS PESTANA",412924.1
"MARCUS VICENTE",332070.9
"MARGARIDA SALOMÃO",366446.1799999999
"MARIA DO ROSÁRIO",473081.88
"MARIA HELENA",485839.7500000001
"MARIA LUCIA PRANDI",30880.619999999995
"MARIANA CARVALHO",295597.0800000001
"MARINALDO ROSENDO",437947.2300000001
"MARINHA RAUPP",387269.94
"MARLLOS SAMPAIO",38569.770000000004
"MARQUINHO MENDES",366961.09999999945
"MARX BELTRÃO",428619.83999999997
"MARÇAL FILHO",31781.309999999998
"MASSAMI MIKI",15105.86
"MAURO BENEVIDES",15550.54
"MAURO LOPES",345591.0599999999
"MAURO MARIANI",382873.4700000001
"MAURO PEREIRA",238754.71000000014
"MAURÍCIO ALMEIDA",33470.83
"MAURÍCIO QUINTELLA LESSA",458367.2899999998
"MAURÍCIO TRINDADE",14003.77
"MAX FILHO",303414.62
"MENDONÇA FILHO",460488.1399999998
"MENDONÇA PRADO",38426.42
"MERLONG SOLANO",25550.08
"MIGUEL CORRÊA",1825.98
"MIGUEL HADDAD",281569.7799999998
"MIGUEL LOMBARDI",395745.25000000006
"MILTON MONTI",388424.45999999985
"MIRIQUINHO BATISTA",32290.550000000003
"MIRO TEIXEIRA",176538.41000000006
"MISAEL VARELLA",385665.8700000003
"MISSIONÁRIO JOSÉ OLIMPIO",422339.5399999998
"MOEMA GRAMACHO",418839.4699999993
"MOREIRA MENDES",27143.14
"MORONI TORGAN",56960.979999999996
"MOSES RODRIGUES",461490.5799999997
"MÁRCIO BIOLCHI",6258.179999999999
"MÁRCIO FRANÇA",115.81
"MÁRCIO MACÊDO",35074.79
"MÁRCIO MARINHO",466432.2899999998
"MÁRIO FEITOZA",34094.99
"MÁRIO HERINGER",352244.83999999985
"MÁRIO NEGROMONTE JR.",429050.66
"NARCIO RODRIGUES",30610.480000000003
"NELSON MARCHEZAN JUNIOR",466844.4
"NELSON MARQUEZELLI",429632.64000000013
"NELSON MEURER",447949.88999999955
"NELSON NAHIM",9.85
"NELSON PADOVANI",12359.21
"NELSON PELLEGRINO",4682.849999999999
"NEWTON CARDOSO",17382.92
"NEWTON CARDOSO JR",381311.52000000014
"NEWTON LIMA",34418.05
"NICE LOBÃO",9595.34
"NILDA GONDIM",40517.35
"NILMÁRIO MIRANDA",56310.79000000001
"NILSON LEITÃO",386466.50999999983
"NILSON PINTO",468752.22999999963
"NILTO TATTO",394886.05999999976
"NILTON CAPIXABA",513407.2699999998
"ODAIR CUNHA",383.37000000000006
"ODELMO LEÃO",384187.5900000003
"ODORICO MONTEIRO",456916.8399999996
"ODÍLIO BALBINOTTI",20743.97
"OLIVEIRA FILHO",34751.05
"ONOFRE SANTO AGOSTINI",5200.3
"ONYX LORENZONI",475570.7899999995
"ORLANDO SILVA",413789.8799999997
"OSMAR BERTOLDI",133103.68999999997
"OSMAR JÚNIOR",35533.78
"OSMAR SERRAGLIO",463980.5199999997
"OSMAR TERRA",463650.48999999964
"OSVALDO COELHO",36654.16999999999
"OSVALDO REIS",31179.820000000003
"OTAVIO LEITE",411822.13999999996
"OTONIEL LIMA",33758.26
"OZIEL OLIVEIRA",33685.87
"PADRE JOÃO",409353.60999999987
"PADRE TON",35218.159999999996
"PAES LANDIM",477709.43999999977
"PASTOR EURICO",487926.80999999976
"PAUDERNEY AVELINO",438150.37999999983
"PAULO ABI-ACKEL",419604.87
"PAULO AZI",429355.12999999995
"PAULO BORNHAUSEN",33562.520000000004
"PAULO FEIJÓ",413814.0999999997
"PAULO FOLETTO",414797.59
"PAULO FREIRE",429534.8899999997
"PAULO HENRIQUE LUSTOSA",88192.91
"PAULO MAGALHÃES",426363.55000000005
"PAULO MALUF",328971.3499999998
"PAULO PEREIRA DA SILVA",354938.29999999993
"PAULO PIMENTA",465838.82999999996
"PAULO RUBEM SANTIAGO",38419.36
"PAULO TEIXEIRA",436300.0
"PAULÃO",475194.1
"PDT",84689.2
"PEDRO CHAVES",212674.4499999999
"PEDRO CUNHA LIMA",238865.89999999997
"PEDRO EUGÊNIO",38668.479999999996
"PEDRO FERNANDES",482790.36999999976
"PEDRO NOVAIS",27015.99
"PEDRO PAULO",8885.12
"PEDRO UCZAI",429820.17000000016
"PEDRO VILELA",419385.0899999999
"PENNA",173810.93
"PEPE VARGAS",115505.76
"PERPÉTUA ALMEIDA",36959.95
"PINTO DE LUNA",6064.12
"PINTO ITAMARATY",35010.38
"POLICARPO",3779.74
"POMPEO DE MATTOS",436671.51
"PR. MARCO FELICIANO",425610.9600000002
"PROFESSOR SETIMO",35017.19
"PROFESSOR SÉRGIO DE OLIVEIRA",34961.58
"PROFESSOR VICTÓRIO GALLI",412905.97999999986
"PROFESSORA DORINHA SEABRA REZENDE",440324.66999999987
"PROFESSORA MARCIVANIA",460429.12
"PROS",28512.03
"RAFAEL MOTTA",411004.88
"RAIMUNDO GOMES DE MATOS",492469.5499999998
"RAQUEL MUNIZ",356248.16000000003
"RATINHO JUNIOR",115.6
"RAUL JUNGMANN",434307.48999999976
"RAUL LIMA",38512.14
"REBECCA GARCIA",11105.560000000001
"REGINALDO LOPES",353004.16000000003
"REGUFFE",479.66999999999996
"REINHOLD STEPHANES",17894.57
"REJANE DIAS",11837.81
"REMÍDIO MONAI",485576.76999999996
"RENAN FILHO",35.51
"RENATA ABREU",388887.96999999974
"RENATO MOLLING",498867.32999999984
"RENATO SIMÕES",30578.139999999996
"RENZO BRAZ",351891.34
"RICARDO BARROS",394373.1999999998
"RICARDO IZAR",445009.6399999999
"RICARDO TEOBALDO",446068.89
"RICARDO TRIPOLI",377520.1699999998
"ROBERTO ALVES",409817.13999999955
"ROBERTO BALESTRA",414558.4800000001
"ROBERTO BRITTO",216754.8999999999
"ROBERTO DE LUCENA",17598.579999999994
"ROBERTO DORNER",34893.799999999996
"ROBERTO FREIRE",309277.29999999976
"ROBERTO GÓES",460074.67999999993
"ROBERTO SALES",378843.86999999976
"ROBERTO SANTIAGO",10170.78
"ROBERTO TEIXEIRA",23429.950000000004
"ROCHA",422114.49999999977
"RODRIGO BETHLEM",26045.089999999997
"RODRIGO DE CASTRO",424256.3500000001
"RODRIGO GARCIA",64428.75
"RODRIGO MAIA",350703.4499999999
"RODRIGO MARTINS",446869.6699999999
"RODRIGO PACHECO",387814.8199999997
"ROGÉRIO CARVALHO",32678.480000000003
"ROGÉRIO MARINHO",450732.2899999998
"ROGÉRIO PENINHA MENDONÇA",383314.15999999986
"ROGÉRIO ROSSO",200817.47999999995
"ROMÁRIO",20484.000000000004
"RONALDO BENEDET",462753.51
"RONALDO CAIADO",31232.549999999996
"RONALDO CARLETTO",414116.5899999997
"RONALDO FONSECA",264990.49
"RONALDO LESSA",424643.10999999987
"RONALDO MARTINS",450444.3500000002
"RONALDO NOGUEIRA",419392.1399999994
"RONALDO ZULKE",34857.100000000006
"ROSANE FERREIRA",17824.840000000004
"ROSANGELA GOMES",393870.59
"ROSE DE FREITAS",23908.09
"ROSSONI",384691.6599999999
"ROSY DE SOUSA",21000.67
"ROSÂNGELA CURADO",153446.46000000002
"RUBENS BUENO",313842.3300000001
"RUBENS OTONI",316673.7899999999
"RUBENS PEREIRA JÚNIOR",462262.1299999999
"RUI COSTA",-376.99
"RUY CARNEIRO",30665.65
"RÔMULO GOUVEIA",460720.5200000003
"RÔNEY NEMER",304308.13
"SABINO CASTELO BRANCO",32214.359999999997
"SALVADOR ZIMBALDI",34349.51
"SAMUEL MOREIRA",389831.72
"SANDES JÚNIOR",411420.1800000001
"SANDRA ROSADO",37328.21
"SANDRO ALEX",327170.03999999986
"SANDRO MABEL",17147.36
"SARAIVA FELIPE",291160.99000000005
"SARNEY FILHO",395691.1899999997
"SDD",26186.989999999998
"SEBASTIÃO BALA ROCHA",35193.51
"SEBASTIÃO OLIVEIRA",8.17
"SERGIO SOUZA",383604.1
"SERGIO VIDIGAL",338136.1000000001
"SERGIO ZVEITER",267335.4399999998
"SEVERINO NINHO",19302.21
"SHÉRIDAN",504966.44000000006
"SIBÁ MACHADO",506268.39999999997
"SILAS BRASILEIRO",205174.78000000003
"SILAS CÂMARA",497883.81000000006
"SILAS FREIRE",384886.19000000006
"SILVIO COSTA",481184.59999999986
"SILVIO TORRES",296333.30000000005
"SIMONE MORGADO",458442.7099999997
"SIMPLÍCIO ARAÚJO",201.0
"SIMÃO SESSIM",380526.5299999999
"SORAYA SANTOS",329467.05999999976
"STEFANO AGUIAR",430761.51
"STEPAN NERCESSIAN",18769.350000000002
"SUBTENENTE GONZAGA",395779.2299999998
"SUELI VIDIGAL",272.01
"SÁGUAS MORAES",465931.41999999975
"SÉRGIO BARRADAS CARNEIRO",10299.08
"SÉRGIO BRITO",455433.58999999997
"SÉRGIO MORAES",465519.53
"SÉRGIO REIS",368383.5699999998
"SÓSTENES CAVALCANTE",375719.9099999994
"TADEU ALENCAR",362639.74999999977
"TAKAYAMA",442059.08000000013
"TAUMATURGO LIMA",35717.93
"TELMA PINHEIRO",33310.590000000004
"TENENTE LÚCIO",390010.91000000027
"TEREZA CRISTINA",434088.4299999999
"THIAGO PEIXOTO",27231.18
"TIA ERON",417007.8999999999
"TIRIRICA",149309.06
"TONINHO PINHEIRO",408071.31999999983
"TONINHO WANDSCHEER",416484.3700000002
"ULDURICO JUNIOR",403077.2600000001
"URZENI ROCHA",40548.719999999994
"VALADARES FILHO",458723.5100000001
"VALDIR COLATTO",334091.74999999994
"VALMIR ASSUNÇÃO",446887.7799999996
"VALMIR PRASCIDELLI",395784.81000000006
"VALTENIR PEREIRA",463492.1099999995
"VANDER LOUBET",471040.49000000005
"VANDERLEI MACRIS",431106.29000000004
"VANDERLEI SIRAQUE",32055.519999999997
"VAZ DE LIMA",34015.91
"VENEZIANO VITAL DO RÊGO",461709.16
"VICENTE ARRUDA",152170.25000000006
"VICENTE CANDIDO",443079.14
"VICENTINHO",245697.57000000012
"VICENTINHO JÚNIOR",428125.61
"VICTOR MENDES",447268.52999999997
"VIEIRA DA CUNHA",179.24999999999997
"VILALBA",14059.869999999999
"VILMAR ROCHA",23464.649999999998
"VILSON COVATTI",35686.78
"VINICIUS CARVALHO",409984.79999999993
"VINICIUS GURGEL",516710.2700000002
"VITOR LIPPI",349096.17
"VITOR PAULO",3769.56
"VITOR PENIDO",27661.33
"VITOR VALIM",330498.6799999999
"WADIH DAMOUS",251253.57000000007
"WADSON RIBEIRO",412621.23
"WALDENOR PEREIRA",443455.66000000015
"WALDIR MARANHÃO",338958.6799999999
"WALNEY ROCHA",365134.8399999997
"WALTER ALVES",440273.02999999997
"WALTER IHOSHI",313728.45999999985
"WALTER TOSTA",32741.06
"WANDENKOLK GONÇALVES",39230.28
"WASHINGTON REIS",419426.9199999997
"WELITON PRADO",419826.37000000005
"WELLINGTON FAGUNDES",29859.57
"WELLINGTON ROBERTO",520499.0999999998
"WELLINGTON SALGADO",1047.7800000000002
"WEVERTON ROCHA",331393.5299999998
"WILLIAM DIB",34092.91
"WILLIAM WOO",220561.31
"WILSON BESERRA",3414.3199999999997
"WILSON FILHO",491231.68999999994
"WLADIMIR COSTA",408226.82999999996
"WOLNEY QUEIROZ",357888.2099999998
"ZE CARLOS DA PESCA",3462.4100000000003
"ZECA CAVALCANTI",458929.7199999999
"ZECA DIRCEU",424637.1700000001
"ZECA DO PT",434889.3400000001
"ZENAIDE MAIA",456905.2999999998
"ZOINHO",28224.600000000002
"ZÉ AUGUSTO NALIN",41784.81
"ZÉ CARLOS",450757.56999999983
"ZÉ GERALDO",480497.4799999996
"ZÉ SILVA",418923.7899999999
"ZÉ VIEIRA",31082.769999999997
"ÁTILA LINS",482246.5599999999
"ÁTILA LIRA",396689.1799999998
"ÂNGELO AGNOLIN",34268.14999999999
"ÍRIS DE ARAÚJO",2694.17
